1	"My friend — we have drawn close to the forest:
2	the dreams are close pressed; the battle is quick.
3	You are gazing at the terror-radiances of the god,
4	of Huwawa, at whom your heart keeps taking fright.
5	But you will lock horns and, like a champion bull, batter him;
6	you will bend his head down by your main strength —
7	and the old one you saw is your masterful god,
8	the maker of your frame, Lugalbanda."
9	"My friend, I have seen a fourth —
10	it goes beyond my three dreams:
11	I caught sight of an Anzû-bird in the sky;
12	it rose and, like a cloud, was gliding over us:
13	[ ... ] its face was warped;
14	its mouth was fire; its breath was deat[h.]
15	A young ma[n too,] strange of fram[e —]
16	[ ... ] he stands there in my night;
17	[ ... ] he seized its wings; he took my arm;
18	[ ... ] he flung it down [bef]ore me;
19	[ ... ] on top of it."
a+1	"It [rose and, lik]e a cloud, was gl[iding] over us —
a+2	[ ... ] and its face was warped;
a+3	its mouth was fire; its breath was death.
a+4	You — you fear its glowering aura;
a+5	I — I will make you raise(?) your foot upon it(?):
a+6	the young man you saw was mighty Šamaš."
