0'-1'	"[Why, my friend, did] [your] eyes [fill with tears,]
2'-3'	[your heart] ach[e ... ?"]
4'-5'	Enkidu said t[o] h[im,] t[o Gilgameš:]
6'	"Sobs, my [friend, have knotted my muscles(?);]
7'-8'	in [my] heart [ ... ] my strength [went feeble;]
9'	my eyes filled with [tears;]
10'-11'	my heart ach[ed ... ] may it not [ ... ]"
12'	[Gil]gameš [shaped his mouth]
13'	[and said to Enkidu:]
a+2'	"What [ ... ]
a+4'-a+5'	i[n] the mid[st ... ] the lair [of Huwawa."]
a+6'	Gilgameš [shaped] his mou[th]
a+7'	and sa[id to Enkidu:]
