1	"My friend — for what reason were the great gods taking counsel?"
28	Enkidu [shaped] his m[outh to speak,]
29	saying [to Gilgameš:]
30	"Come, my f[riend ... ]"
31	In [ ... ]
32	The door [ ... ]
33	Because [ ... ]
36	In [ ... ]
37	Enkidu lifted [his eyes ... ]
38	and was talking with the door as with [a man:]
39	"Door of the grove, [wi]tless, [ ... ] —
40	awareness is in you that is not the[re ... ]
41	For twenty leagues I picked out your timber [ ... ]
42	until I found the towering cedar [ ... ]
43	Your wood was without rival [ ... ]
44	Six rods your height, two rods your breadth, one [cubit] yo[ur thick]ness;
45	your pole, your pivot-sockets top and bottom, all of one piece.
46	I made you, I carried you to Nippur, I set you up.
47	Had I known, door, that this was [your recom]pense,
48	had I known, door, that this was your gratitude,
49	I would have lifted the axe; I would have chopped y[ou down;]
50	I would have floated y[ou] on a raft [t]o Ebabbara —
51	[to] Ebabbara, the temple of Šamaš, I would have sh[ipped you;]
52	[in the gate(?) of] Ebabbara I would have pla[nted] the cedar;
53	[in] its doorway I would have stood the Anz[û-bird ... ;]
54	[ ... ] your entryways [ ... ]
55	I would have [ ... ] of the city [ ... ] Ša[maš,]
56	and in Uruk [ ... ,]
57	because Šamaš he[a]rd my word
58	and in the day of [ ... ] ga[ve] me the weapon.
59	Now, door — it was I who made you, I who carried y[ou;]
60	shall it be [I] who tears you down?
61	May a king who comes up after me detest you;
62	may [ ... ] hang(?) you out of sight;
63	may he efface my name and set up his own!"
64	He wrenched out [ ... ] — flung it down.
65	He (Gilgameš) kept listening to his words, and quick, at once, his [tears kept fl]owing;
66	Gilgameš kept lis[tening] to the words of Enkidu his friend,
67	[and quick, at once,] his tears [kept flo]wing.
68	Gilgameš shaped his mouth to speak, saying to Enkid[u:]
69	"[My friend ... ] eminent —
70	[you who have] sense and reason — do you now talk profanity?
71	[Wh]y, my friend, did your heart talk profanity [ ... ?]
72	[The dream was pr]ecious, and the terror of it great;
73	[your lips(?)] are twitching like flies;
74	[the dread is g]reat, but the dream is a rare thing.
75	To the liv[in]g one it left mourning:
76	[the dea]d left misery to the one who lives on.
77	[I will pl]ead, I will pray to the great gods;
78	I will se[ek out Šamaš(?);] I will appe[al] to your god;
79	I will pr[ay to Anu,] father of the gods, [in your presence(?);]
80	[may] Enlil the great counsellor [hear my] pray[ers] in your presence;
81	I will make suppli[cation ... ;]
82	I will fashion your statue in [gol]d without measure!"
84	"[My friend, s]ilver — give none; gold — do n[ot ... ;] do not [ ... !]
85	[What Enl]il commanded is not like (the words) of the (other) gods, which [ ... ;]
86	[what he c]ommanded, he does not go back on, does not er[ase;]
87	[what] he laid down(?) he does not go back on, does not erase.
88	My friend — [my lot(?)] is dra[wn ... :]
89	people go to their graves before their time."
90	At the first of the morning's brigh[teni]ng
91	Enkidu li[ft]ed his head, lam[enting] before Šamaš;
92	be[f]ore the rays of Šamaš his tears kept flow[ing:]
93	"[I app]eal to you, Šamaš, over the life that is precious to [me] —
94	as for [him,] the hunter, the snaring man,
95	who did not let me get all my friend got:
96	may the [hunt]er not get all his friend gets!
97	Wipe out his profit; cut his takings down;
98	may his [sh]are be [dock]ed in your presence;
99	[whatever house] he enters — may (his quarry) slip out the window!"
100	[After] he had cursed the hunter to his heart's content,
101	his heart moved him to curse [the harl]ot Šamhat:
102	"[Co]me, Šamhat — I will fix your destiny,
103	a [des]tiny that will not end for ever and ever.
104	[I will] curse you with the great curse;
105	quick, at once, may my curses close on you!
106	[May you never] make a household of your delight;
107	[may you never(?)] love [ ... ] of your favors(?);
108	[may you never s]it in the young women's parlor;
109	may the ground foul yo[ur] fin[e clothing;]
110	[may the drunkard] smear [your festival gown] in the [dus]t;
111	[may you never own a house ... ] and fair things,
112	[nor ... ] of the potter;
113	[ ... ] may you own nothing;
114	[bed, cha]ir, table — the pride of a household — may none be laid in your house;
115	[may the couch of your de]light be a doorway-bench;
116	[may the crossroa]ds of the highway be your dwelling-places,
117	[the waste plots be] your [sl]eeping-places, the shadow of the rampart your standing-place;
118	[may thornbush and br]iar flay your feet;
119	[may drunkard and s]ober alike slap your cheek;
120	[may ... ] the mistress-of-lawsuits(?) shout against you;
121	may no builder plaster [the roof of your house;]
122	[in your bedroom(?) may] the owl [r]oost;
123	[at your table may] no banquet [ever be l]aid;
127	[ ... pu]rple [fine]ry [ ... ]
128	[ ... ] the lap [ ... ]
129	whose lap [ ... ] —
130	because [you diminished] me, [the clean one,]
131	yes me, the clean one — [you diminish]ed me, out on my steppe!"
132	Šamaš heard the [utter]ance of his mouth,
133	and at once a w[arning-cry] kept sounding to him [fro]m the sky:
134	"Why, Enkidu, do you curse the harl[o]t Šamhat —
135	she who fed you bread fit for a god,
136	poured you ale fit for a king,
137	dressed you in a great garment,
138	and got you for companion the fine Gilgameš — you?
139	And [n]ow Gilgameš, the friend, your own brother,
140	[will l]ay you out on a great bed;
141	[o]n a bed of honor he will lay you out;
142	[he will s]eat you in the seat of peace, the seat at the left hand;
143	[the pri]nces of the earth will kiss your feet;
144	[he will make] the people of Uruk [we]ep for you, mourn for you;
145	[the pleasure-girls,] the people, he will fill with grieving for your sake;
146	[and h]e, after you, will carry a body matted with filth;
147	[he will pu]t on the skin of a lion and rove the op[en land."]
148	[E]nkidu [heard] the word of Šamaš the fight[er;]
149	[ ... his an]gry heart grew still;
150	[ ... his f]urious [heart] grew sti[ll:]
151	"C[ome,] Š[amhat — I will fix your destiny:]
152	may [my] m[outh that cur]sed you turn and bl[ess you.]
153	May [govern]ors and princes fall in love with y[ou;]
154	may [the man one league off] be slapping his thigh,
155	the m[an two leagues off] shaking out his hair;
156	[may] no soldier [hold back fr]om you — may he undo his belt for you;
157	may he g[ive you] obsidian, lapis lazuli, and gold;
158	ear[rin]gs of filigree be his gift to you;
159	(may you enter the house of) a ma[n whose stores are secure,] whose heaps of grain are piled;
160	may I[štar, the ablest] of gods, bring you in, you yourself;
161	[for your sake may] the mother of seven, the first wife, be aband[oned!"]
162	[As for Enkid]u — his belly was sick;
163	he lay all alone, turn[in]g things over,
164	and sp[oke out what] weighed on him to his friend:
165	"Listen, my friend, to the [d]ream I saw in my night:
166	the heavens cried out; the earth gave answer,
167	and between the two of them I am standing.
168	There was a man — darkened was his face;
169	to the face of the Anzû-bird his face was like;
170	his hands the paws of a lion, his claws the talons of an eagle.
171	He seized me by the hair; he overpowered me.
172	I struck him — but like a skip-rope he skips back;
173	he struck me — and like a raft he pushed me under;
174	like a might[y] wild bull [he tram]pled me down;
175	venom(?) [ ... ] my body.
176	'Save me, my frie[nd!' ... ]
177	You feared him, and [ ... ]
178	You [ ... ]
182	[He struck me and lik]e a dov[e] he turned [m]e,
183	[and bou]nd my arms like the wings of a bird,
184	to lead me [c]aptive to the house of darkness, the seat of Irkalla:
185	to the house whose enterers do not come out;
186	to the road whose going has no coming back;
187	to the house whose dwellers are deprived of light,
188	where dust is their hunger and their bread is clay,
189	and they are clothed, like a bird, in a garment of wings —
190	and they see no light and sit in blackness.
191	Over doo[r and bolt the dust lies deep;]
192	over the h[ouse of dust a deathly hush is poured.]
193	In the house of dust that I entered
194	I loo[ked around] me: the crowns sat humbled;
195	there s[at the crowned k]ings who had ruled the land since days gone by,
196	who had set the roast on [the] table of Anu and Enlil,
197	had set out the baked bread, had poured them cool water from skins.
198	In the house of dust that I entered
199	sit the high priest and the acolyte;
200	sit the purification priest and the ecstatic;
201	[si]t the anointed of the great gods;
202	there sits Etana; there sits Šakkan;
203	[there sits the qu]een of the earth, Ereškigal.
204	[Bēlet-]ṣēri, the scribe of the earth, kneels before her,
205	[hol]ding [a tablet,] reading aloud in her presence.
206	[She lifted] her [h]ead; she saw me — me:
207	'[Wh]o has fetched this man here?
208	[Who has ... ] brought him?'
209	[ ... he made re]ady(?)
210	[ ... the g]rave
214	[ ... Erešk]igal
215	[ ... ] the Flood
221	[ ... I s]aw his body.
251	"— I wh[o wen]t [with you] through every hardsh[ip:]
252	remem[ber me, my frien]d; do not [forget] all I went through!"
253	"My friend saw a dream that will not [be ... :]
254	the day he saw the dream, [his strength] was finished."
255	Enkidu lies stricken — one day, sic[k; a second day;]
256	Enkidu in his bed [ ... ;]
257	a third day and a fourth day, E[nkidu ... ;]
258	a fifth, a sixth and a seventh, an eighth, a ninth, a tenth —
259	Enkidu's sickness [ ... ;]
260	an eleventh and a twelfth day [ ... ]
261	Enkidu in [his] bed [ ... ];
262	he called out for Gilgameš [ ... :]
263	"My frie[nd] has come to hate me [ ... !]
264	Like one who [fell(?)] in the middle of ba[ttle ... ]
265	I feared the battle, and [ ... ]
266	My friend — one who [fell] in ba[ttle made his name;]
267	I — [I did not fall] in b[attle; I made no name ... ]"
