1	Šiduri was an ale-wife who dwelt at the edge of the sea:
2	there she dwelt [ ... ]
3	She had her pot-stands; she had her [vats of gold(?).]
4	She is wrapped in a wrap and v[eiled in a veil.]
5	Gilgameš came roving toward her [ ... ,]
6	clad in a pelt, [carrying(?)] terro[r;]
7	he has the flesh of god[s] in [his] b[ody,]
8	but misery is in [his bel]l[y,]
9	and his face is like one come off a long road.
10	The ale-wife watches him in the distance;
11	talking to her heart she says a word,
12	takin[g] counsel with herself:
13	"Likely this man is a slaughterer of wild bul[ls] —
14	but from where, that he heads straight for my door?"
15	The ale-wife saw him and barred her door;
16	she barred her door and went u[p] to the roof-t[op.]
17	But he — Gilgameš had ear for the [ ... :]
18	he lifted his chin and se[t his face toward her.]
19	Gilgameš sa[id] to her, [to the ale-]wife:
20	"Ale-wife — what did you see [in me, that you barred] your [d]oor,
21	barr[ed] your door [and went up to the ro]of?
22	I will strike the d[oor; I will sm]ash [the bolt!]
24	[ ... i]n the open land."
25	[The ale-wife said to h]im, [to Gilg]ameš:
26	"[ ... I ba]rred my door,
27	[ ... I went up t]o the roof;
28	[ ... ] let me learn [your ro]ad(?)."
29	[Gilgameš] said [t]o her, [to the ale]-wife:
30	"[Enkidu my friend ... ]
31	[We who joined together and went up the mount]ain,
32	[who seized the Bull and slew it,]
33	[who brought down Humbaba, who dwelt in the] Ced[ar Fore]st,
34	[in the passes of the mountains we sle]w lions —"
35	[The ale-wife sa]id [to him,] to Gilgameš:
36	"[If you and Enkid]u were the slayers of the warden,
37	[who brought down Humb]aba, who dwelt in the Cedar Forest,
38	[who in the passes o]f the mountains slew lions,
39	[who seized the Bull and] slew [the Bu]ll that came down from the sky —
40	[why are your chee]ks [hollow,] your face sunk down,
41	[your heart wretched,] your features [spen]t,
42	[misery] in your belly,
43	your face like [one come off a long road,]
44	your face scorched [by frost and sun,]
45	[and — got up in the mask of a lion —] you rove the open lan[d?"]
46	[Gilgameš said] to the ale-[wife:]
47	"[Why should my cheeks not be hollow, my face not sunk down,]
48	[my heart not wretched, my features not spent,]
49	[misery not in my belly,]
50	[my face not like one come off a long road,]
51	[my face not scorched by frost and sun —]
52	[and why, got up in the mask of a lion, should I not rove the open land?]
53	[My friend — swift mule, wild ass of the uplands, panther of the open land!]
54	[Enkidu, my friend — swift mule, wild ass of the uplands, panther of the open land!]
55	[My friend, whom I love so hard, who went with me through every hardship —]
56	[Enkidu, my friend, whom I love so hard, who went with me through every hardship:]
57	[the lot of mankind overtook him.]
58	[Six days and seven nights I wept over him;]
59	[I would not give him up for burial,]
60	[until a worm dropped out of his nose.]
61	[Then I was afraid ... ]
62	[I grew afraid of death, so I rove the open land.]
63	The case of m[y] friend [lies hea]vy(?) on me,
64	[so a long road] I rove [the open la]nd;
65	the case of Enki[du my friend lies heavy(?) on] me,
66	[so a long path] I rove the [op]en land.
67	[How can I keep sil]ent? How can I sta[y quiet?]
68	[My friend, whom I lov]e, has t[urn]ed to clay;
69	Enkidu, my friend, whom I love, has tu[rned to c]lay —
70	[and I — shall I not,] like him, lie down
71	[and never ri]se, for ever and ever?"
72	[Gilga]meš said to her, to the ale-w[ife:]
73	"[No]w then, ale-wife — which is the road to Ūta-napišti?
74	[Wha]t is its landmark? Give it to me!
75	Give me its landmark!
76	If it can be done, let me cross the sea;
77	if it cannot be done, let me rove the open land!"
78	The ale-wife said to him, to Gilgameš:
79	"There has never, Gilgameš, been a crossing-place,
80	and no one, from time out of mind, has ever crossed the sea.
81	The crosser of the sea is Šamaš the fighter — alone:
82	apart from Šamaš, who crosses the sea?
83	The passage is a torment, its way a hard torment,
84	and midway lie the Waters of Death, barring the approaches.
85	Besides, Gilgameš — once you have crossed the sea,
86	when you arrive at the Waters of Death, what will you do then?
87	Yet, Gilgameš, there is Ur-šanabi, the boatman of Ūta-napišti,
88	and the Stone Ones are with him; in the heart of the wood he is trimming a pine.
89	Go, then; let him see your face.
90	If it can be done, cross with him;
91	if it cannot be done, draw back the way you came."
92	Gilgameš, on hearing this,
93	took the hatchet to his side;
94	he drew the sword [from] his [belt;]
95	he stole down upon them;
96	like an arrow he dropped among them.
97	In the heart of the wood his [wa]r-cry rang out.
98	Ur-šanabi saw him — the bright flash of him — and to[ok co]ver(?);
99	he took up the hatchet, and he tr[em]bled before him.
100	But he — Gilgameš struck his head [ ... ,]
101	seized his arm and [pinned(?)] him [ ... ] his chest;
102	and the Stone Ones — who sealed the boat tight,
103	they who had no dread of the Waters of Death —
104	[ ... the wi]de [s]ea —
105	in the water [ ... ] he held back;
106	he smashed the Stone Ones; he flung them into the river.
107	[ ... ] the boat,
108	and [ ... he sa]t down on the shore.
109	[Gilgameš said to him,] to Ur-šanabi the boatman:
110	"[ ... you c]arry off; you snatch away(?)
111	[ ... ] you."
112	Ur-šanabi said to him, to [Gilgameš:]
113	"[W]hy are your cheeks hollow, [your face] sunk d[own,]
114	your heart [wre]tched, [your features] s[pent,]
115	misery [i]n [your belly,]
116	[your] fa[ce] like one come off a long road,
117	[your face] scor[ched by] frost and sun —
118	[and, got up in the ma]sk of a lion, you ro[ve the open land?"]
119	[Gilgameš] said t[o Ur-šanabi the boatman:]
120	"[Why should] my [chee]ks [not be hollow, my face] not [sunk down,]
121	my [heart not wretched, my features] not spe[nt,]
122	[mis]ery not in [my belly,]
123	my face [not like one come off a long roa]d,
124	[my] face not sco[rched by frost and su]n —
125	[and why, got up in the mask of a lion, should] I not [rove the open land?]
126	[My friend — swift mule, wild ass of the uplands, panther of the open land!]
127	[Enkidu, my friend — swift mule, wild ass of the uplands, panther of the open land!]
128	[We who joined together and went up the mountain,]
129	[who seized the Bull and slew it,]
130	[who brought down Humbaba, who dwelt in the Cedar Forest,]
131	i[n the passes of the mountains we slew lions —]
132	my frie[nd, whom I love so hard, who went with me through every hardship —]
133	Enk[idu, my friend, whom I love so hard, who went with me through every hardship:]
134	[the lot of mankind] overto[ok him.]
135	Six da[ys and seven nights I wept over him;]
136	[I would not give him up for burial,]
137	until [a worm dropped out of his nose.]
138	Then I was afr[aid ... ;]
139	[I grew afraid of death, so I rove the open land.]
140	The ca[se of m]y [friend lies heavy(?) on me,]
141	so a [long ro]ad I ro[ve the open land;]
142	[the case of Enkidu my friend lies heavy on me,]
143	so a lon[g path I rove the open land.]
144	[H]ow can I ke[ep silent? How can I stay quiet?]
145	My [f]riend, whom I love, has tur[ned to clay;]
146	[Enkidu, my friend, whom I love, has turned to clay —]
147	and I — shall I not, like him, lie d[own]
148	[and never rise, for ever and ever?"]
149	Gilgameš said to him, to U[r-šanabi the boatman:]
150	"Now, Ur-šanabi — which is [the road to Ūta-napišti?]
151	What is its landmark? Give it to me!
152	Give m[e its landmark!]
153	If it can be done, let me cross the sea;
154	if it cannot be do[ne, let me rove the open land!"]
155	Ur-šanabi said to him, to [Gilgameš:]
156	"Your own hands, Gilgameš, have blocked [your crossing:]
157	you have smashed the Stone Ones; you have flu[ng them into the river.]
158	The Stone Ones are smashed, and the pine is not [stripped.]
159	Take up, Gilgameš, the hatchet in [your] h[and;]
160	go down into the wood and [cut] punting-poles of five rods, [three hundred of them;]
161	dress them; furnish each with a boss;
162	bring [them to me ... ]"
163	Gilgameš, o[n hearing] this,
164	took the hatchet to his side;
165	he dr[ew the sword from his belt;]
166	he went down into the wood and [cut] punting-poles of five rod[s, three hundred of them;]
167	he dressed them; he furnished each with a boss;
168	he brought them [to him ... ]
169	Gilgameš and Ur-šanabi boarded [the boat;]
170	they launched the craft, and the two of them [rode it.]
171	A march of a month and a half — by the third day they had ma[de it;]
172	so Ur-šanabi arrived at the Waters of D[eath.]
173	Ur-šanabi sa[id] to him, [to Gilgameš:]
174	"Stand off(?), Gilgameš! [T]ake the fir[st pole;]
175	your hand must not touch the Waters of Death [ ... !]
176	A second, a third, and a fourth, Gilgameš — take a po[le;]
177	a fifth, a sixth, and a seventh, Gilgameš — take a po[le;]
178	an eighth, a ninth, and a tenth, Gilgameš — take a pol[e;]
179	an eleventh, a twelfth, Gilgameš — take a pol[e!"]
180	At twice sixty Gilgameš had used up the po[les;]
181	then he — [Ur-šanabi] — undid his waist-cloth;
182	Gilgameš stripped off [his] garmen[t,]
183	and on his arms he hoi[sted] it for a yard.
184	Ūta-napišti watches h[im] in the distance;
185	talking to his heart he s[ays] a word,
186	tak[ing] counsel with himself:
187	"Why are the [Stone Ones] of the boat smashed,
188	and one not her master riding [upon her?]
189	He who comes — he is no man of mine,
190	and on the right [ ... ]
191	I keep looking, but he is no [man of] mi[ne;]
192	I keep looking, but he is n[o man of mine;]
193	I keep looking, and [ ... ]"
196	"He is no man of [mine ... ]
197	they make roam(?) [ ... ]
198	The boatman [ ... ]
199	The man I keep wa[tching is not ... ;]
200	the one I keep watching is not [ ... ]
201	Perhaps(?) the open land [ ... ]"
203	The pi[ne(?) ... ]
204	Gilgameš dr[ew near] to the quay [ ... ;]
205	he brought down [ ... ,]
206	and he himself came u[p ... ]
207	Gilgameš sai[d] to h[im, to Ūta-napišti:]
208	"Life and health, Ūta-napišti, son of Ubar-T[utu ... ,]
209	[ ... ] after the Flood, which for [ ... ]
210	the Flood — what for [ ... ?"]
212	[Ūta-napišti] said t[o him,] to [Gilgameš:]
213	"[Why are] your che[eks hollow, your face] su[nk down,]
214	your h[ear]t [wr]etch[ed, your features sp]ent,
215	mis[er]y in [your] b[elly,]
216	[your face] like one come off a lo[ng] road,
217	[your face scorched] by frost and sun —
218	and, got u[p] in the mask of a lion, [you rove the open land?"]
219	Gilgameš said to hi[m, to Ūta-napišti:]
220	"Why should [my] cheeks not [be hollow, my face not sunk down,]
221	my heart not wretched, my [fea]tures not spe[nt,]
222	miser[y] not [in] my [be]lly,
223	my [face] not like one come off a lon[g] road,
224	my face n[ot scorch]ed by frost and sun —
225	and why, [not] got up in the [m]ask of a lion, [should I not r]ove the open land?
226	My friend — swift mule, wil[d ass of the uplan]ds, panther of the open land!
227	[Enkidu, my friend] — swift mule, [wild ass of the uplands, panther of the open land!]
228	We who joined toge[ther and went u]p the mountain,
229	who s[eized] the Bull [and] slew the [B]ull,
230	who [brou]ght do[wn Humbaba, who dwelt in the] Cedar [For]est,
231	[who in the passes of the mountains sl]ew lions —
232	[my friend, whom I love so hard, who went wi]th me through every hardship —
233	[Enkidu, my friend, whom I love so hard, who wen]t with me through every hardship:
234	[the lot of mankind overtook him.]
235	[Six days and seven nights] I wept over him;
236	[I would not give him up f]or burial,
237	[until a worm dropped out of] his [no]se.
238	[Then I was afraid ... ;]
239	I grew afr[aid] of death, [so I rove the open la]nd.
240	[The case of my friend lies hea]vy(?) on me,
241	so a long ro[ad I rove the open lan]d;
242	the case of E[nkidu] my friend lies heavy on me,
243	so a long [path I rove the open land.]
244	How can I [k]eep silent? How can I stay quiet?
245	My friend, whom I love, has turned to clay;
246	Enkidu, [my] frie[nd, whom I love, has turned to clay —]
247	and [I] — shall I not, like him, lie down
248	and never rise, for ever and e[ver?"]
249	Gilgameš said to him, to Ūta-napišti:
250	"[S]o I said: I will go and see Ūta-napišti the Far-away, of whom they keep telling.
251	I turned; I traveled through all the lands, every one;
252	I crossed and crossed again the punishing mountains;
253	I crossed and crossed again the seas, every one.
254	Of sweet sleep my face got no fill;
255	I ground myself down with sleeplessness;
256	I filled my sinews with grieving.
257	And [w]hat have I gathered by my toi[l?]
258	I had not reached the ale-wife's house when my clothing was done;
259	[I kill]ed bear, hyena, lion, leopard, tiger-cat,
260	deer, ibex — the herds and beasts of the open land;
261	I eat their flesh; I fla[y] their skins for cover.
262	As for grief — let them bar her door;
263	with pitch and bitumen let them se[al her door(?) shut!]
264	On my account there is no [ ... ] of play;
265	on my account, glad-and-grieving, [ ... ]"
266	Ūta-napišti said to him, to [Gilgameš:]
267	"Why, Gilgameš, do you drive on grief — you, son(?) of [ ... A]n[u ... ,]
268	you who were blend[ed] from the flesh of gods and mankind,
269	whom (the gods) mad[e] like your father and your mother?
270	Have you ever, Gilgameš, compared (yourself) with the fool? — a th[rone](?)
271	was set in the assembly, and 'Sit!' they told [him;]
272	yet the fool is handed [beer-]dregs for butter, coarse oil at the alms-jar,
273	bran-scraps and grist for [ ... ,]
274	clad in a rag-cloak for [ ... ,]
275	and gir[t,] for a sash, in a rope [ ... ] —
276	because he has no coun[sellors ... ,]
277	has no words of counsel [ ... ]
278	Lift your eyes(?), Gi[lgameš ... ]
279	[ ... ] their lord, as much as [ ... ]
281	[ ... ] Sîn and the go[ds of the night(?) ... ;]
282	[by] night the moon-god travels [ ... ;]
283	the gods keep [wa]kefully sleepless [ ... ,]
284	wakeful, unresting [ ... ;]
285	from of old it is laid down [ ... ]
286	You — bestir yourself, and [ ... ;]
287	your help [ ... ]
288	If, Gilgameš, [you are] the provisi[oner(?)] of the temple of the gods,
289	the temple of the goddesses [ ... ,]
290	they, the [ ... ] of the gods [ ... ]
292	[ ... ] to the forest(?) [ ... ]
293	[ ... ] they lay down [ ... ]
293'	[ ... his be]lly;
294'	[ ... ] the provider;
295	[ ... ] mankind;
296	[ ... they t]ook for his destiny.
297	[ ... ] you have kept sleepless — what have you gained?
298	In sleeplessness you wear [yourself] down;
299	you fill your sinews with grieving,
300	and bring your far-off days near.
301	Mankind — its very name is 'reed snapped in the canebrake.'
302	The fine young man, the fine young woman —
303	[all too soon ... ] death hauls them off.
304	No one sees death.
305	No o[ne] sees the [f]ace [of death.]
306	No one [hears] the voice of death.
307	Yet raging death is the snapper of mankind.
308	At some time we build a house;
309	at some time we make a nest;
310	at some time brothers divide the inheritance;
311	at some time feud breaks out in the land;
312	at some time the river rose and brought the flood-water,
313	and a mayfly went drifting down the river,
314	its face looking into the face of the sun —
315	and then, all at once, nothing was there at all.
316	The carried-off and the dead — how alike their case!
317	Yet of death no one has ever drawn the picture,
318	and no dead man has ever greeted anyone in the land.
319	The Anunnaki, the great gods, sat in assembly;
320	Mammītum, maker of destiny, fixed destinies with them:
321	they set down death, and they set down life —
322	and of death they did not disclose the day.
